{
  "display": {
    "icon": {
      "item": "minecraft:sea_pickle"
    },
    "title": {
      "text": "Pickle",
      "color": "dark_green"
    },
    "description": {
      "text": ""
    },
    "frame": "goal",
    "show_toast": true,
    "announce_to_chat": false,
    "hidden": true
  },
  "criteria": {
    "pickle": {
      "trigger": "minecraft:inventory_changed",
      "conditions": {
        "items": [
          {
            "items": [
              "minecraft:sea_pickle"
            ]
          }
        ]
      }
    }
  },
  "rewards": {
    "experience": 1000,
    "function": "deathswapplus:advancements/pickle"
  },
  "parent": "deathswapplus:side/root",
  "requirements": [
    [
      "pickle"
    ]
  ]
}